,userid,age,gender,occupation,zipcode,ward
0,1,24,M,technician,85711,s
1,2,53,F,other,94043,p
2,3,23,M,writer,32067,s
3,4,24,M,technician,43537,s
4,5,33,F,other,15213,s
5,6,42,M,executive,98101,s
6,7,57,M,administrator,91344,s
7,8,36,M,administrator,05201,s
8,9,29,M,student,01002,p
9,10,53,M,lawyer,90703,p
10,11,39,F,other,30329,p
11,12,28,F,other,06405,s
12,13,47,M,educator,29206,s
13,14,45,M,scientist,55106,s
14,15,49,F,educator,97301,s
15,16,21,M,entertainment,10309,p
16,17,30,M,programmer,06355,s
17,18,35,F,other,37212,s
18,19,40,M,librarian,02138,s
19,20,42,F,homemaker,95660,s
20,21,26,M,writer,30068,s
21,22,25,M,writer,40206,s
22,23,30,F,artist,48197,p
23,24,21,F,artist,94533,s
24,25,39,M,engineer,55107,s
25,26,49,M,engineer,21044,s
26,27,40,F,librarian,30030,s
27,28,32,M,writer,55369,s
28,29,41,M,programmer,94043,s
29,30,7,M,student,55436,s
30,31,24,M,artist,10003,s
31,32,28,F,student,78741,p
32,33,23,M,student,27510,s
33,34,38,F,administrator,42141,s
34,35,20,F,homemaker,42459,s
35,36,19,F,student,93117,s
36,37,23,M,student,55105,s
37,38,28,F,other,54467,s
38,39,41,M,entertainment,01040,s
39,40,38,M,scientist,27514,s
40,41,33,M,engineer,80525,p
41,42,30,M,administrator,17870,s
42,43,29,F,librarian,20854,s
43,44,26,M,technician,46260,s
44,45,29,M,programmer,50233,p
45,46,27,F,marketing,46538,p
46,47,53,M,marketing,07102,s
47,48,45,M,administrator,12550,s
48,49,23,F,student,76111,s
49,50,21,M,writer,52245,s
50,51,28,M,educator,16509,s
51,52,18,F,student,55105,p
52,53,26,M,programmer,55414,s
53,54,22,M,executive,66315,s
54,55,37,M,programmer,01331,s
55,56,25,M,librarian,46260,s
56,57,16,M,none,84010,p
57,58,27,M,programmer,52246,p
58,59,49,M,educator,08403,p
59,60,50,M,healthcare,06472,p
60,61,36,M,engineer,30040,s
61,62,27,F,administrator,97214,s
62,63,31,M,marketing,75240,s
63,64,32,M,educator,43202,s
64,65,51,F,educator,48118,s
65,66,23,M,student,80521,s
66,67,17,M,student,60402,s
67,68,19,M,student,22904,s
68,69,24,M,engineer,55337,p
69,70,27,M,engineer,60067,p
70,71,39,M,scientist,98034,s
71,72,48,F,administrator,73034,s
72,73,24,M,student,41850,s
73,74,39,M,scientist,T8H1N,p
74,75,24,M,entertainment,08816,s
75,76,20,M,student,02215,s
76,77,30,M,technician,29379,s
77,78,26,M,administrator,61801,s
78,79,39,F,administrator,03755,s
79,80,34,F,administrator,52241,s
80,81,21,M,student,21218,s
81,82,50,M,programmer,22902,s
82,83,40,M,other,44133,s
83,84,32,M,executive,55369,s
84,85,51,M,educator,20003,s
85,86,26,M,administrator,46005,s
86,87,47,M,administrator,89503,s
87,88,49,F,librarian,11701,s
88,89,43,F,administrator,68106,s
89,90,60,M,educator,78155,s
90,91,55,M,marketing,01913,s
91,92,32,M,entertainment,80525,s
92,93,48,M,executive,23112,s
93,94,26,M,student,71457,p
94,95,31,M,administrator,10707,s
95,96,25,F,artist,75206,s
96,97,43,M,artist,98006,s
97,98,49,F,executive,90291,s
98,99,20,M,student,63129,s
99,100,36,M,executive,90254,s
100,101,15,M,student,05146,s
101,102,38,M,programmer,30220,s
102,103,26,M,student,55108,s
103,104,27,M,student,55108,p
104,105,24,M,engineer,94043,s
105,106,61,M,retired,55125,s
106,107,39,M,scientist,60466,s
107,108,44,M,educator,63130,s
108,109,29,M,other,55423,p
109,110,19,M,student,77840,s
110,111,57,M,engineer,90630,s
111,112,30,M,salesman,60613,s
112,113,47,M,executive,95032,s
113,114,27,M,programmer,75013,p
114,115,31,M,engineer,17110,s
115,116,40,M,healthcare,97232,s
116,117,20,M,student,16125,s
117,118,21,M,administrator,90210,s
118,119,32,M,programmer,67401,s
119,120,47,F,other,06260,s
120,121,54,M,librarian,99603,s
121,122,32,F,writer,22206,p
122,123,48,F,artist,20008,p
123,124,34,M,student,60615,s
124,125,30,M,lawyer,22202,s
125,126,28,F,lawyer,20015,s
126,127,33,M,none,73439,p
127,128,24,F,marketing,20009,s
128,129,36,F,marketing,07039,p
129,130,20,M,none,60115,s
130,131,59,F,administrator,15237,s
131,132,24,M,other,94612,s
132,133,53,M,engineer,78602,s
133,134,31,M,programmer,80236,p
134,135,23,M,student,38401,s
135,136,51,M,other,97365,p
136,137,50,M,educator,84408,p
137,138,46,M,doctor,53211,s
138,139,20,M,student,08904,s
139,140,30,F,student,32250,s
140,141,49,M,programmer,36117,s
141,142,13,M,other,48118,s
142,143,42,M,technician,08832,s
143,144,53,M,programmer,20910,s
144,145,31,M,entertainment,V3N4P,s
145,146,45,M,artist,83814,s
146,147,40,F,librarian,02143,s
147,148,33,M,engineer,97006,s
148,149,35,F,marketing,17325,s
149,150,20,F,artist,02139,s
150,151,38,F,administrator,48103,s
151,152,33,F,educator,68767,s
152,153,25,M,student,60641,s
153,154,25,M,student,53703,p
154,155,32,F,other,11217,s
155,156,25,M,educator,08360,p
156,157,57,M,engineer,70808,s
157,158,50,M,educator,27606,s
158,159,23,F,student,55346,s
159,160,27,M,programmer,66215,s
160,161,50,M,lawyer,55104,s
161,162,25,M,artist,15610,s
162,163,49,M,administrator,97212,s
163,164,47,M,healthcare,80123,s
164,165,20,F,other,53715,s
165,166,47,M,educator,55113,s
166,167,37,M,other,L9G2B,p
167,168,48,M,other,80127,s
168,169,52,F,other,53705,p
169,170,53,F,healthcare,30067,p
170,171,48,F,educator,78750,s
171,172,55,M,marketing,22207,s
172,173,56,M,other,22306,s
173,174,30,F,administrator,52302,s
174,175,26,F,scientist,21911,s
175,176,28,M,scientist,07030,s
176,177,20,M,programmer,19104,s
177,178,26,M,other,49512,p
178,179,15,M,entertainment,20755,s
179,180,22,F,administrator,60202,p
180,181,26,M,executive,21218,s
181,182,36,M,programmer,33884,s
182,183,33,M,scientist,27708,s
183,184,37,M,librarian,76013,s
184,185,53,F,librarian,97403,s
185,186,39,F,executive,00000,s
186,187,26,M,educator,16801,s
187,188,42,M,student,29440,s
188,189,32,M,artist,95014,p
189,190,30,M,administrator,95938,s
190,191,33,M,administrator,95161,s
191,192,42,M,educator,90840,s
192,193,29,M,student,49931,s
193,194,38,M,administrator,02154,s
194,195,42,M,scientist,93555,s
195,196,49,M,writer,55105,s
196,197,55,M,technician,75094,s
197,198,21,F,student,55414,s
198,199,30,M,writer,17604,s
199,200,40,M,programmer,93402,s
200,201,27,M,writer,E2A4H,s
201,202,41,F,educator,60201,s
202,203,25,F,student,32301,s
203,204,52,F,librarian,10960,s
204,205,47,M,lawyer,06371,s
205,206,14,F,student,53115,s
206,207,39,M,marketing,92037,p
207,208,43,M,engineer,01720,p
208,209,33,F,educator,85710,p
209,210,39,M,engineer,03060,s
210,211,66,M,salesman,32605,s
211,212,49,F,educator,61401,s
212,213,33,M,executive,55345,s
213,214,26,F,librarian,11231,p
214,215,35,M,programmer,63033,s
215,216,22,M,engineer,02215,s
216,217,22,M,other,11727,s
217,218,37,M,administrator,06513,s
218,219,32,M,programmer,43212,s
219,220,30,M,librarian,78205,s
220,221,19,M,student,20685,s
221,222,29,M,programmer,27502,s
222,223,19,F,student,47906,s
223,224,31,F,educator,43512,s
224,225,51,F,administrator,58202,p
225,226,28,M,student,92103,s
226,227,46,M,executive,60659,s
227,228,21,F,student,22003,p
228,229,29,F,librarian,22903,s
229,230,28,F,student,14476,p
230,231,48,M,librarian,01080,s
231,232,45,M,scientist,99709,s
232,233,38,M,engineer,98682,p
233,234,60,M,retired,94702,s
234,235,37,M,educator,22973,p
235,236,44,F,writer,53214,s
236,237,49,M,administrator,63146,s
237,238,42,F,administrator,44124,s
238,239,39,M,artist,95628,p
239,240,23,F,educator,20784,s
240,241,26,F,student,20001,s
241,242,33,M,educator,31404,p
242,243,33,M,educator,60201,s
243,244,28,M,technician,80525,s
244,245,22,M,student,55109,s
245,246,19,M,student,28734,s
246,247,28,M,engineer,20770,s
247,248,25,M,student,37235,s
248,249,25,M,student,84103,s
249,250,29,M,executive,95110,s
250,251,28,M,doctor,85032,s
251,252,42,M,engineer,07733,s
252,253,26,F,librarian,22903,s
253,254,44,M,educator,42647,s
254,255,23,M,entertainment,07029,p
255,256,35,F,none,39042,s
256,257,17,M,student,77005,s
257,258,19,F,student,77801,s
258,259,21,M,student,48823,s
259,260,40,F,artist,89801,p
260,261,28,M,administrator,85202,s
261,262,19,F,student,78264,s
262,263,41,M,programmer,55346,s
263,264,36,F,writer,90064,s
264,265,26,M,executive,84601,s
265,266,62,F,administrator,78756,s
266,267,23,M,engineer,83716,s
267,268,24,M,engineer,19422,s
268,269,31,F,librarian,43201,p
269,270,18,F,student,63119,s
270,271,51,M,engineer,22932,p
271,272,33,M,scientist,53706,s
272,273,50,F,other,10016,s
273,274,20,F,student,55414,s
274,275,38,M,engineer,92064,s
275,276,21,M,student,95064,s
276,277,35,F,administrator,55406,s
277,278,37,F,librarian,30033,s
278,279,33,M,programmer,85251,s
279,280,30,F,librarian,22903,s
280,281,15,F,student,06059,s
281,282,22,M,administrator,20057,p
282,283,28,M,programmer,55305,s
283,284,40,M,executive,92629,s
284,285,25,M,programmer,53713,s
285,286,27,M,student,15217,s
286,287,21,M,salesman,31211,s
287,288,34,M,marketing,23226,s
288,289,11,M,none,94619,s
289,290,40,M,engineer,93550,s
290,291,19,M,student,44106,s
291,292,35,F,programmer,94703,s
292,293,24,M,writer,60804,s
293,294,34,M,technician,92110,s
294,295,31,M,educator,50325,s
295,296,43,F,administrator,16803,s
296,297,29,F,educator,98103,s
297,298,44,M,executive,01581,s
298,299,29,M,doctor,63108,p
299,300,26,F,programmer,55106,s
300,301,24,M,student,55439,s
301,302,42,M,educator,77904,p
302,303,19,M,student,14853,s
303,304,22,F,student,71701,s
304,305,23,M,programmer,94086,s
305,306,45,M,other,73132,s
306,307,25,M,student,55454,s
307,308,60,M,retired,95076,s
308,309,40,M,scientist,70802,s
309,310,37,M,educator,91711,s
310,311,32,M,technician,73071,p
311,312,48,M,other,02110,p
312,313,41,M,marketing,60035,p
313,314,20,F,student,08043,s
314,315,31,M,educator,18301,p
315,316,43,F,other,77009,s
316,317,22,M,administrator,13210,s
317,318,65,M,retired,06518,s
318,319,38,M,programmer,22030,s
319,320,19,M,student,24060,p
320,321,49,F,educator,55413,s
321,322,20,M,student,50613,s
322,323,21,M,student,19149,s
323,324,21,F,student,02176,s
324,325,48,M,technician,02139,p
325,326,41,M,administrator,15235,p
326,327,22,M,student,11101,p
327,328,51,M,administrator,06779,s
328,329,48,M,educator,01720,s
329,330,35,F,educator,33884,s
330,331,33,M,entertainment,91344,s
331,332,20,M,student,40504,s
332,333,47,M,other,V0R2M,s
333,334,32,M,librarian,30002,s
334,335,45,M,executive,33775,s
335,336,23,M,salesman,42101,p
336,337,37,M,scientist,10522,s
337,338,39,F,librarian,59717,s
338,339,35,M,lawyer,37901,s
339,340,46,M,engineer,80123,s
340,341,17,F,student,44405,p
341,342,25,F,other,98006,s
342,343,43,M,engineer,30093,s
343,344,30,F,librarian,94117,s
344,345,28,F,librarian,94143,s
345,346,34,M,other,76059,p
346,347,18,M,student,90210,s
347,348,24,F,student,45660,s
348,349,68,M,retired,61455,s
349,350,32,M,student,97301,p
350,351,61,M,educator,49938,p
351,352,37,F,programmer,55105,p
352,353,25,M,scientist,28480,s
353,354,29,F,librarian,48197,s
354,355,25,M,student,60135,s
355,356,32,F,homemaker,92688,s
356,357,26,M,executive,98133,s
357,358,40,M,educator,10022,s
358,359,22,M,student,61801,p
359,360,51,M,other,98027,s
360,361,22,M,student,44074,s
361,362,35,F,homemaker,85233,s
362,363,20,M,student,87501,s
363,364,63,M,engineer,01810,s
364,365,29,M,lawyer,20009,s
365,366,20,F,student,50670,p
366,367,17,M,student,37411,s
367,368,18,M,student,92113,s
368,369,24,M,student,91335,s
369,370,52,M,writer,08534,s
370,371,36,M,engineer,99206,s
371,372,25,F,student,66046,s
372,373,24,F,other,55116,s
373,374,36,M,executive,78746,s
374,375,17,M,entertainment,37777,s
375,376,28,F,other,10010,s
376,377,22,M,student,18015,s
377,378,35,M,student,02859,s
378,379,44,M,programmer,98117,p
379,380,32,M,engineer,55117,p
380,381,33,M,artist,94608,s
381,382,45,M,engineer,01824,s
382,383,42,M,administrator,75204,s
383,384,52,M,programmer,45218,s
384,385,36,M,writer,10003,s
385,386,36,M,salesman,43221,s
386,387,33,M,entertainment,37412,s
387,388,31,M,other,36106,s
388,389,44,F,writer,83702,s
389,390,42,F,writer,85016,s
390,391,23,M,student,84604,p
391,392,52,M,writer,59801,p
392,393,19,M,student,83686,s
393,394,25,M,administrator,96819,s
394,395,43,M,other,44092,p
395,396,57,M,engineer,94551,s
396,397,17,M,student,27514,s
397,398,40,M,other,60008,s
398,399,25,M,other,92374,s
399,400,33,F,administrator,78213,p
400,401,46,F,healthcare,84107,s
401,402,30,M,engineer,95129,s
402,403,37,M,other,06811,s
403,404,29,F,programmer,55108,s
404,405,22,F,healthcare,10019,s
405,406,52,M,educator,93109,s
406,407,29,M,engineer,03261,s
407,408,23,M,student,61755,s
408,409,48,M,administrator,98225,s
409,410,30,F,artist,94025,s
410,411,34,M,educator,44691,p
411,412,25,M,educator,15222,s
412,413,55,M,educator,78212,s
413,414,24,M,programmer,38115,s
414,415,39,M,educator,85711,s
415,416,20,F,student,92626,s
416,417,27,F,other,48103,s
417,418,55,F,none,21206,s
418,419,37,M,lawyer,43215,p
419,420,53,M,educator,02140,s
420,421,38,F,programmer,55105,s
421,422,26,M,entertainment,94533,s
422,423,64,M,other,91606,s
423,424,36,F,marketing,55422,s
424,425,19,M,student,58644,s
425,426,55,M,educator,01602,s
426,427,51,M,doctor,85258,s
427,428,28,M,student,55414,p
428,429,27,M,student,29205,s
429,430,38,M,scientist,98199,p
430,431,24,M,marketing,92629,s
431,432,22,M,entertainment,50311,s
432,433,27,M,artist,11211,s
433,434,16,F,student,49705,s
434,435,24,M,engineer,60007,s
435,436,30,F,administrator,17345,s
436,437,27,F,other,20009,s
437,438,51,F,administrator,43204,p
438,439,23,F,administrator,20817,s
439,440,30,M,other,48076,p
440,441,50,M,technician,55013,s
441,442,22,M,student,85282,s
442,443,35,M,salesman,33308,s
443,444,51,F,lawyer,53202,s
444,445,21,M,writer,92653,s
445,446,57,M,educator,60201,s
446,447,30,M,administrator,55113,s
447,448,23,M,entertainment,10021,p
448,449,23,M,librarian,55021,p
449,450,35,F,educator,11758,p
450,451,16,M,student,48446,s
451,452,35,M,administrator,28018,s
452,453,18,M,student,06333,s
453,454,57,M,other,97330,s
454,455,48,M,administrator,83709,s
455,456,24,M,technician,31820,s
456,457,33,F,salesman,30011,s
457,458,47,M,technician,Y1A6B,s
458,459,22,M,student,29201,s
459,460,44,F,other,60630,s
460,461,15,M,student,98102,p
461,462,19,F,student,02918,s
462,463,48,F,healthcare,75218,s
463,464,60,M,writer,94583,s
464,465,32,M,other,05001,s
465,466,22,M,student,90804,s
466,467,29,M,engineer,91201,s
467,468,28,M,engineer,02341,s
468,469,60,M,educator,78628,p
469,470,24,M,programmer,10021,s
470,471,10,M,student,77459,s
471,472,24,M,student,87544,s
472,473,29,M,student,94708,s
473,474,51,M,executive,93711,s
474,475,30,M,programmer,75230,s
475,476,28,M,student,60440,s
476,477,23,F,student,02125,s
477,478,29,M,other,10019,s
478,479,30,M,educator,55409,s
479,480,57,M,retired,98257,s
480,481,73,M,retired,37771,s
481,482,18,F,student,40256,s
482,483,29,M,scientist,43212,s
483,484,27,M,student,21208,s
484,485,44,F,educator,95821,s
485,486,39,M,educator,93101,s
486,487,22,M,engineer,92121,s
487,488,48,M,technician,21012,p
488,489,55,M,other,45218,s
489,490,29,F,artist,V5A2B,s
490,491,43,F,writer,53711,s
491,492,57,M,educator,94618,s
492,493,22,M,engineer,60090,p
493,494,38,F,administrator,49428,p
494,495,29,M,engineer,03052,p
495,496,21,F,student,55414,s
496,497,20,M,student,50112,s
497,498,26,M,writer,55408,p
498,499,42,M,programmer,75006,s
499,500,28,M,administrator,94305,s
500,501,22,M,student,10025,s
501,502,22,M,student,23092,p
502,503,50,F,writer,27514,s
503,504,40,F,writer,92115,s
504,505,27,F,other,20657,s
505,506,46,M,programmer,03869,s
506,507,18,F,writer,28450,s
507,508,27,M,marketing,19382,s
508,509,23,M,administrator,10011,s
509,510,34,M,other,98038,s
510,511,22,M,student,21250,p
511,512,29,M,other,20090,s
512,513,43,M,administrator,26241,s
513,514,27,M,programmer,20707,s
514,515,53,M,marketing,49508,s
515,516,53,F,librarian,10021,p
516,517,24,M,student,55454,s
517,518,49,F,writer,99709,s
518,519,22,M,other,55320,p
519,520,62,M,healthcare,12603,s
520,521,19,M,student,02146,s
521,522,36,M,engineer,55443,s
522,523,50,F,administrator,04102,s
523,524,56,M,educator,02159,s
524,525,27,F,administrator,19711,s
525,526,30,M,marketing,97124,s
526,527,33,M,librarian,12180,s
527,528,18,M,student,55104,s
528,529,47,F,administrator,44224,s
529,530,29,M,engineer,94040,p
530,531,30,F,salesman,97408,s
531,532,20,M,student,92705,p
532,533,43,M,librarian,02324,s
533,534,20,M,student,05464,p
534,535,45,F,educator,80302,p
535,536,38,M,engineer,30078,p
536,537,36,M,engineer,22902,s
537,538,31,M,scientist,21010,s
538,539,53,F,administrator,80303,s
539,540,28,M,engineer,91201,p
540,541,19,F,student,84302,s
541,542,21,M,student,60515,p
542,543,33,M,scientist,95123,p
543,544,44,F,other,29464,s
544,545,27,M,technician,08052,s
545,546,36,M,executive,22911,s
546,547,50,M,educator,14534,s
547,548,51,M,writer,95468,s
548,549,42,M,scientist,45680,p
549,550,16,F,student,95453,p
550,551,25,M,programmer,55414,p
551,552,45,M,other,68147,p
552,553,58,M,educator,62901,s
553,554,32,M,scientist,62901,s
554,555,29,F,educator,23227,s
555,556,35,F,educator,30606,s
556,557,30,F,writer,11217,s
557,558,56,F,writer,63132,s
558,559,69,M,executive,10022,s
559,560,32,M,student,10003,s
560,561,23,M,engineer,60005,s
561,562,54,F,administrator,20879,s
562,563,39,F,librarian,32707,s
563,564,65,M,retired,94591,s
564,565,40,M,student,55422,s
565,566,20,M,student,14627,s
566,567,24,M,entertainment,10003,s
567,568,39,M,educator,01915,s
568,569,34,M,educator,91903,s
569,570,26,M,educator,14627,s
570,571,34,M,artist,01945,s
571,572,51,M,educator,20003,s
572,573,68,M,retired,48911,s
573,574,56,M,educator,53188,s
574,575,33,M,marketing,46032,s
575,576,48,M,executive,98281,s
576,577,36,F,student,77845,s
577,578,31,M,administrator,M7A1A,s
578,579,32,M,educator,48103,s
579,580,16,M,student,17961,s
580,581,37,M,other,94131,s
581,582,17,M,student,93003,s
582,583,44,M,engineer,29631,s
583,584,25,M,student,27511,s
584,585,69,M,librarian,98501,s
585,586,20,M,student,79508,p
586,587,26,M,other,14216,s
587,588,18,F,student,93063,s
588,589,21,M,lawyer,90034,s
589,590,50,M,educator,82435,p
590,591,57,F,librarian,92093,s
591,592,18,M,student,97520,s
592,593,31,F,educator,68767,s
593,594,46,M,educator,M4J2K,p
594,595,25,M,programmer,31909,s
595,596,20,M,artist,77073,s
596,597,23,M,other,84116,p
597,598,40,F,marketing,43085,s
598,599,22,F,student,R3T5K,s
599,600,34,M,programmer,02320,s
600,601,19,F,artist,99687,s
601,602,47,F,other,34656,s
602,603,21,M,programmer,47905,p
603,604,39,M,educator,11787,s
604,605,33,M,engineer,33716,p
605,606,28,M,programmer,63044,s
606,607,49,F,healthcare,02154,s
607,608,22,M,other,10003,p
608,609,13,F,student,55106,s
609,610,22,M,student,21227,p
610,611,46,M,librarian,77008,s
611,612,36,M,educator,79070,s
612,613,37,F,marketing,29678,s
613,614,54,M,educator,80227,s
614,615,38,M,educator,27705,s
615,616,55,M,scientist,50613,p
616,617,27,F,writer,11201,s
617,618,15,F,student,44212,s
618,619,17,M,student,44134,s
619,620,18,F,writer,81648,s
620,621,17,M,student,60402,s
621,622,25,M,programmer,14850,s
622,623,50,F,educator,60187,s
623,624,19,M,student,30067,s
624,625,27,M,programmer,20723,p
625,626,23,M,scientist,19807,s
626,627,24,M,engineer,08034,s
627,628,13,M,none,94306,p
628,629,46,F,other,44224,s
629,630,26,F,healthcare,55408,s
630,631,18,F,student,38866,s
631,632,18,M,student,55454,s
632,633,35,M,programmer,55414,s
633,634,39,M,engineer,T8H1N,s
634,635,22,M,other,23237,s
635,636,47,M,educator,48043,s
636,637,30,M,other,74101,p
637,638,45,M,engineer,01940,s
638,639,42,F,librarian,12065,s
639,640,20,M,student,61801,s
640,641,24,M,student,60626,s
641,642,18,F,student,95521,p
642,643,39,M,scientist,55122,p
643,644,51,M,retired,63645,p
644,645,27,M,programmer,53211,s
645,646,17,F,student,51250,s
646,647,40,M,educator,45810,s
647,648,43,M,engineer,91351,s
648,649,20,M,student,39762,s
649,650,42,M,engineer,83814,s
650,651,65,M,retired,02903,s
651,652,35,M,other,22911,s
652,653,31,M,executive,55105,s
653,654,27,F,student,78739,p
654,655,50,F,healthcare,60657,p
655,656,48,M,educator,10314,s
656,657,26,F,none,78704,p
657,658,33,M,programmer,92626,s
658,659,31,M,educator,54248,p
659,660,26,M,student,77380,s
660,661,28,M,programmer,98121,p
661,662,55,M,librarian,19102,s
662,663,26,M,other,19341,s
663,664,30,M,engineer,94115,s
664,665,25,M,administrator,55412,s
665,666,44,M,administrator,61820,s
666,667,35,M,librarian,01970,s
667,668,29,F,writer,10016,s
668,669,37,M,other,20009,s
669,670,30,M,technician,21114,s
670,671,21,M,programmer,91919,s
671,672,54,F,administrator,90095,s
672,673,51,M,educator,22906,s
673,674,13,F,student,55337,p
674,675,34,M,other,28814,s
675,676,30,M,programmer,32712,s
676,677,20,M,other,99835,s
677,678,50,M,educator,61462,p
678,679,20,F,student,54302,s
679,680,33,M,lawyer,90405,s
680,681,44,F,marketing,97208,p
681,682,23,M,programmer,55128,p
682,683,42,M,librarian,23509,s
683,684,28,M,student,55414,s
684,685,32,F,librarian,55409,s
685,686,32,M,educator,26506,s
686,687,31,F,healthcare,27713,s
687,688,37,F,administrator,60476,p
688,689,25,M,other,45439,s
689,690,35,M,salesman,63304,s
690,691,34,M,educator,60089,s
691,692,34,M,engineer,18053,s
692,693,43,F,healthcare,85210,s
693,694,60,M,programmer,06365,s
694,695,26,M,writer,38115,s
695,696,55,M,other,94920,s
696,697,25,M,other,77042,p
697,698,28,F,programmer,06906,p
698,699,44,M,other,96754,s
699,700,17,M,student,76309,p
700,701,51,F,librarian,56321,p
701,702,37,M,other,89104,s
702,703,26,M,educator,49512,s
703,704,51,F,librarian,91105,s
704,705,21,F,student,54494,s
705,706,23,M,student,55454,s
706,707,56,F,librarian,19146,s
707,708,26,F,homemaker,96349,s
708,709,21,M,other,N4T1A,s
709,710,19,M,student,92020,s
710,711,22,F,student,15203,s
711,712,22,F,student,54901,s
712,713,42,F,other,07204,s
713,714,26,M,engineer,55343,s
714,715,21,M,technician,91206,p
715,716,36,F,administrator,44265,p
716,717,24,M,technician,84105,s
717,718,42,M,technician,64118,s
718,719,37,F,other,V0R2H,s
719,720,49,F,administrator,16506,s
720,721,24,F,entertainment,11238,s
721,722,50,F,homemaker,17331,s
722,723,26,M,executive,94403,p
723,724,31,M,executive,40243,s
724,725,21,M,student,91711,s
725,726,25,F,administrator,80538,p
726,727,25,M,student,78741,s
727,728,58,M,executive,94306,p
728,729,19,M,student,56567,p
729,730,31,F,scientist,32114,p
730,731,41,F,educator,70403,s
731,732,28,F,other,98405,s
732,733,44,F,other,60630,s
733,734,25,F,other,63108,s
734,735,29,F,healthcare,85719,s
735,736,48,F,writer,94618,s
736,737,30,M,programmer,98072,s
737,738,35,M,technician,95403,p
738,739,35,M,technician,73162,p
739,740,25,F,educator,22206,s
740,741,25,M,writer,63108,s
741,742,35,M,student,29210,s
742,743,31,M,programmer,92660,s
743,744,35,M,marketing,47024,s
744,745,42,M,writer,55113,s
745,746,25,M,engineer,19047,p
746,747,19,M,other,93612,s
747,748,28,M,administrator,94720,s
748,749,33,M,other,80919,s
749,750,28,M,administrator,32303,s
750,751,24,F,other,90034,s
751,752,60,M,retired,21201,s
752,753,56,M,salesman,91206,s
753,754,59,F,librarian,62901,p
754,755,44,F,educator,97007,s
755,756,30,F,none,90247,s
756,757,26,M,student,55104,s
757,758,27,M,student,53706,s
758,759,20,F,student,68503,p
759,760,35,F,other,14211,s
760,761,17,M,student,97302,s
761,762,32,M,administrator,95050,s
762,763,27,M,scientist,02113,s
763,764,27,F,educator,62903,s
764,765,31,M,student,33066,s
765,766,42,M,other,10960,s
766,767,70,M,engineer,00000,s
767,768,29,M,administrator,12866,s
768,769,39,M,executive,06927,p
769,770,28,M,student,14216,s
770,771,26,M,student,15232,p
771,772,50,M,writer,27105,p
772,773,20,M,student,55414,s
773,774,30,M,student,80027,s
774,775,46,M,executive,90036,p
775,776,30,M,librarian,51157,s
776,777,63,M,programmer,01810,s
777,778,34,M,student,01960,s
778,779,31,M,student,K7L5J,s
779,780,49,M,programmer,94560,p
780,781,20,M,student,48825,s
781,782,21,F,artist,33205,s
782,783,30,M,marketing,77081,s
783,784,47,M,administrator,91040,p
784,785,32,M,engineer,23322,s
785,786,36,F,engineer,01754,s
786,787,18,F,student,98620,s
787,788,51,M,administrator,05779,s
788,789,29,M,other,55420,s
789,790,27,M,technician,80913,s
790,791,31,M,educator,20064,s
791,792,40,M,programmer,12205,s
792,793,22,M,student,85281,s
793,794,32,M,educator,57197,s
794,795,30,M,programmer,08610,s
795,796,32,F,writer,33755,s
796,797,44,F,other,62522,s
797,798,40,F,writer,64131,s
798,799,49,F,administrator,19716,s
799,800,25,M,programmer,55337,s
800,801,22,M,writer,92154,s
801,802,35,M,administrator,34105,s
802,803,70,M,administrator,78212,s
803,804,39,M,educator,61820,p
804,805,27,F,other,20009,s
805,806,27,M,marketing,11217,s
806,807,41,F,healthcare,93555,s
807,808,45,M,salesman,90016,s
808,809,50,F,marketing,30803,p
809,810,55,F,other,80526,p
810,811,40,F,educator,73013,s
811,812,22,M,technician,76234,s
812,813,14,F,student,02136,s
813,814,30,M,other,12345,s
814,815,32,M,other,28806,s
815,816,34,M,other,20755,p
816,817,19,M,student,60152,s
817,818,28,M,librarian,27514,s
818,819,59,M,administrator,40205,s
819,820,22,M,student,37725,s
820,821,37,M,engineer,77845,s
821,822,29,F,librarian,53144,s
822,823,27,M,artist,50322,s
823,824,31,M,other,15017,s
824,825,44,M,engineer,05452,s
825,826,28,M,artist,77048,s
826,827,23,F,engineer,80228,p
827,828,28,M,librarian,85282,s
828,829,48,M,writer,80209,p
829,830,46,M,programmer,53066,s
830,831,21,M,other,33765,s
831,832,24,M,technician,77042,s
832,833,34,M,writer,90019,s
833,834,26,M,other,64153,s
834,835,44,F,executive,11577,p
835,836,44,M,artist,10018,p
836,837,36,F,artist,55409,s
837,838,23,M,student,01375,s
838,839,38,F,entertainment,90814,p
839,840,39,M,artist,55406,s
840,841,45,M,doctor,47401,s
841,842,40,M,writer,93055,s
842,843,35,M,librarian,44212,p
843,844,22,M,engineer,95662,s
844,845,64,M,doctor,97405,p
845,846,27,M,lawyer,47130,s
846,847,29,M,student,55417,s
847,848,46,M,engineer,02146,s
848,849,15,F,student,25652,s
849,850,34,M,technician,78390,s
850,851,18,M,other,29646,s
851,852,46,M,administrator,94086,s
852,853,49,M,writer,40515,s
853,854,29,F,student,55408,s
854,855,53,M,librarian,04988,s
855,856,43,F,marketing,97215,s
856,857,35,F,administrator,V1G4L,s
857,858,63,M,educator,09645,s
858,859,18,F,other,06492,s
859,860,70,F,retired,48322,s
860,861,38,F,student,14085,s
861,862,25,M,executive,13820,s
862,863,17,M,student,60089,s
863,864,27,M,programmer,63021,s
864,865,25,M,artist,11231,p
865,866,45,M,other,60302,s
866,867,24,M,scientist,92507,s
867,868,21,M,programmer,55303,s
868,869,30,M,student,10025,s
869,870,22,M,student,65203,s
870,871,31,M,executive,44648,p
871,872,19,F,student,74078,p
872,873,48,F,administrator,33763,s
873,874,36,M,scientist,37076,s
874,875,24,F,student,35802,s
875,876,41,M,other,20902,s
876,877,30,M,other,77504,s
877,878,50,F,educator,98027,s
878,879,33,F,administrator,55337,s
879,880,13,M,student,83702,p
880,881,39,M,marketing,43017,s
881,882,35,M,engineer,40503,s
882,883,49,M,librarian,50266,s
883,884,44,M,engineer,55337,p
884,885,30,F,other,95316,s
885,886,20,M,student,61820,s
886,887,14,F,student,27249,s
887,888,41,M,scientist,17036,s
888,889,24,M,technician,78704,s
889,890,32,M,student,97301,s
890,891,51,F,administrator,03062,s
891,892,36,M,other,45243,s
892,893,25,M,student,95823,p
893,894,47,M,educator,74075,s
894,895,31,F,librarian,32301,p
895,896,28,M,writer,91505,s
896,897,30,M,other,33484,s
897,898,23,M,homemaker,61755,s
898,899,32,M,other,55116,s
899,900,60,M,retired,18505,s
900,901,38,M,executive,L1V3W,s
901,902,45,F,artist,97203,s
902,903,28,M,educator,20850,p
903,904,17,F,student,61073,s
904,905,27,M,other,30350,s
905,906,45,M,librarian,70124,s
906,907,25,F,other,80526,s
907,908,44,F,librarian,68504,s
908,909,50,F,educator,53171,s
909,910,28,M,healthcare,29301,s
910,911,37,F,writer,53210,s
911,912,51,M,other,06512,s
912,913,27,M,student,76201,s
913,914,44,F,other,08105,p
914,915,50,M,entertainment,60614,s
915,916,27,M,engineer,N2L5N,s
916,917,22,F,student,20006,p
917,918,40,M,scientist,70116,s
918,919,25,M,other,14216,p
919,920,30,F,artist,90008,s
920,921,20,F,student,98801,s
921,922,29,F,administrator,21114,s
922,923,21,M,student,E2E3R,s
923,924,29,M,other,11753,s
924,925,18,F,salesman,49036,s
925,926,49,M,entertainment,01701,s
926,927,23,M,programmer,55428,p
927,928,21,M,student,55408,s
928,929,44,M,scientist,53711,s
929,930,28,F,scientist,07310,s
930,931,60,M,educator,33556,s
931,932,58,M,educator,06437,s
932,933,28,M,student,48105,p
933,934,61,M,engineer,22902,s
934,935,42,M,doctor,66221,p
935,936,24,M,other,32789,s
936,937,48,M,educator,98072,p
937,938,38,F,technician,55038,s
938,939,26,F,student,33319,p
939,940,32,M,administrator,02215,s
940,941,20,M,student,97229,s
941,942,48,F,librarian,78209,s
942,943,22,M,student,77841,s
